﻿<?xml version="1.0" encoding="utf-8"?>
<level>
  <entities>
    <entity>
      <Background>
        <image>common/graphics/background/background_1.jpg</image>
      </Background>
    </entity>
    <entity>
      <BallSpawnCreator>
        <isStatic>1</isStatic>
        <power>10</power>
        <x>4.623749999999999</x>
        <rotation>-1.8040000000000016</rotation>
        <putInPanel>0</putInPanel>
        <ballCount>4</ballCount>
        <ballType>1</ballType>
        <shootDelay>0.6</shootDelay>
        <y>8.455</y>
      </BallSpawnCreator>
    </entity>
    <entity>
      <PlankCreator>
        <isStatic>1</isStatic>
        <putInPanel>0</putInPanel>
        <x>3.6</x>
        <y>6.085000000000002</y>
        <rotation>-1.4000000000000004</rotation>
      </PlankCreator>
    </entity>
    <entity>
      <PlankCreator>
        <isStatic>1</isStatic>
        <putInPanel>0</putInPanel>
        <x>4.4125</x>
        <y>3.9537499999999994</y>
        <rotation>-4.128000000000003</rotation>
      </PlankCreator>
    </entity>
    <entity>
      <PlankCreator>
        <isStatic>1</isStatic>
        <putInPanel>0</putInPanel>
        <x>8.350000000000001</x>
        <y>2.0500000000000003</y>
        <rotation>-0.017999999999999627</rotation>
      </PlankCreator>
    </entity>
    <entity>
      <LumberCreator>
        <isStatic>1</isStatic>
        <putInPanel>1</putInPanel>
        <x>12.4</x>
        <y>3.175</y>
        <rotation>0</rotation>
      </LumberCreator>
    </entity>
    <entity>
      <PlankCreator>
        <isStatic>1</isStatic>
        <putInPanel>0</putInPanel>
        <x>6.15</x>
        <y>2.5</y>
        <rotation>-0.46200000000000047</rotation>
      </PlankCreator>
    </entity>
    <entity>
      <PlankCreator>
        <isStatic>1</isStatic>
        <putInPanel>0</putInPanel>
        <x>10.770000000000001</x>
        <y>2.4600000000000004</y>
        <rotation>0.4</rotation>
      </PlankCreator>
    </entity>
    <entity>
      <BallReceiverCreator>
        <isStatic>1</isStatic>
        <ballType>1</ballType>
        <ballCount>4</ballCount>
        <rotation>-1.5820000000000012</rotation>
        <putInPanel>0</putInPanel>
        <x>1.4912500000000017</x>
        <y>11.625</y>
      </BallReceiverCreator>
    </entity>
    <entity>
      <PlankCreator>
        <isStatic>1</isStatic>
        <putInPanel>0</putInPanel>
        <x>11.651250000000001</x>
        <y>6.703749999999999</y>
        <rotation>-0.3820000000000004</rotation>
      </PlankCreator>
    </entity>
    <entity>
      <PlankCreator>
        <isStatic>1</isStatic>
        <putInPanel>0</putInPanel>
        <x>9.82875</x>
        <y>7.3725</y>
        <rotation>-0.32</rotation>
      </PlankCreator>
    </entity>
    <entity>
      <PlankCreator>
        <isStatic>1</isStatic>
        <putInPanel>0</putInPanel>
        <x>8.0125</x>
        <y>8.025</y>
        <rotation>-0.32</rotation>
      </PlankCreator>
    </entity>
    <entity>
      <PlankCreator>
        <isStatic>1</isStatic>
        <putInPanel>0</putInPanel>
        <x>3.5025</x>
        <y>9.974999999999998</y>
        <rotation>-0.1520000000000004</rotation>
      </PlankCreator>
    </entity>
    <entity>
      <PlankCreator>
        <isStatic>1</isStatic>
        <putInPanel>0</putInPanel>
        <x>5.495</x>
        <y>9.69625</y>
        <rotation>-0.12</rotation>
      </PlankCreator>
    </entity>
    <entity>
      <PlankCreator>
        <isStatic>1</isStatic>
        <putInPanel>1</putInPanel>
        <x>0.74</x>
        <y>9.145</y>
        <rotation>1.5420000000000005</rotation>
      </PlankCreator>
    </entity>
  </entities>
</level>