﻿<?xml version="1.0" encoding="utf-8"?>
<level>
  <entities>
    <entity>
      <Background>
        <image>common/graphics/background/background_1.jpg</image>
      </Background>
    </entity>
    <entity>
      <BallSpawnCreator>
        <x>0.475</x>
        <shootDelay>2.4</shootDelay>
        <ballType>1</ballType>
        <putInPanel>0</putInPanel>
        <ballCount>3</ballCount>
        <power>3</power>
        <rotation>0</rotation>
        <isStatic>1</isStatic>
        <y>1.925</y>
      </BallSpawnCreator>
    </entity>
    <entity>
      <PlankCreator>
        <x>3.05</x>
        <rotation>0.08726646259971645</rotation>
        <y>2.52625</y>
        <isStatic>1</isStatic>
        <putInPanel>0</putInPanel>
      </PlankCreator>
    </entity>
    <entity>
      <PlankCreator>
        <x>5.175</x>
        <rotation>0</rotation>
        <y>2.65</y>
        <isStatic>1</isStatic>
        <putInPanel>0</putInPanel>
      </PlankCreator>
    </entity>
    <entity>
      <PlankCreator>
        <x>7.1</x>
        <rotation>0</rotation>
        <y>2.65</y>
        <isStatic>1</isStatic>
        <putInPanel>0</putInPanel>
      </PlankCreator>
    </entity>
    <entity>
      <PlankCreator>
        <x>9.05</x>
        <rotation>0</rotation>
        <y>2.625</y>
        <isStatic>1</isStatic>
        <putInPanel>0</putInPanel>
      </PlankCreator>
    </entity>
    <entity>
      <LumberCreator>
        <x>1.8</x>
        <rotation>0</rotation>
        <y>3.15</y>
        <isStatic>0</isStatic>
        <putInPanel>1</putInPanel>
      </LumberCreator>
    </entity>
    <entity>
      <TriangleCreator>
        <x>10.7</x>
        <rotation>3.141592653589791</rotation>
        <y>5.375</y>
        <isStatic>0</isStatic>
        <putInPanel>0</putInPanel>
      </TriangleCreator>
    </entity>
    <entity>
      <PlankCreator>
        <x>8.175</x>
        <rotation>2.7755575615628914e-17</rotation>
        <y>4.85</y>
        <isStatic>1</isStatic>
        <putInPanel>0</putInPanel>
      </PlankCreator>
    </entity>
    <entity>
      <PlankCreator>
        <x>12.825</x>
        <rotation>1.570796326794896</rotation>
        <y>1.825</y>
        <isStatic>1</isStatic>
        <putInPanel>0</putInPanel>
      </PlankCreator>
    </entity>
    <entity>
      <PlankCreator>
        <x>12.825</x>
        <rotation>1.570796326794896</rotation>
        <y>3.75</y>
        <isStatic>1</isStatic>
        <putInPanel>0</putInPanel>
      </PlankCreator>
    </entity>
    <entity>
      <PlankCreator>
        <x>12.85</x>
        <rotation>1.570796326794896</rotation>
        <y>5.725</y>
        <isStatic>1</isStatic>
        <putInPanel>0</putInPanel>
      </PlankCreator>
    </entity>
    <entity>
      <PlankCreator>
        <x>11.375</x>
        <rotation>1.570796326794896</rotation>
        <y>6.875</y>
        <isStatic>1</isStatic>
        <putInPanel>0</putInPanel>
      </PlankCreator>
    </entity>
    <entity>
      <PlankCreator>
        <x>12.85</x>
        <rotation>1.570796326794896</rotation>
        <y>7.675</y>
        <isStatic>1</isStatic>
        <putInPanel>0</putInPanel>
      </PlankCreator>
    </entity>
    <entity>
      <PlankCreator>
        <x>11.275</x>
        <rotation>1.570796326794896</rotation>
        <y>8.825</y>
        <isStatic>1</isStatic>
        <putInPanel>0</putInPanel>
      </PlankCreator>
    </entity>
    <entity>
      <PlankCreator>
        <x>11.9</x>
        <rotation>-0.08726646259971647</rotation>
        <y>10.79875</y>
        <isStatic>1</isStatic>
        <putInPanel>0</putInPanel>
      </PlankCreator>
    </entity>
    <entity>
      <PlankCreator>
        <x>12.825</x>
        <rotation>1.570796326794896</rotation>
        <y>9.625</y>
        <isStatic>1</isStatic>
        <putInPanel>0</putInPanel>
      </PlankCreator>
    </entity>
    <entity>
      <PlankCreator>
        <x>10.2</x>
        <rotation>-0.08726646259971647</rotation>
        <y>9.85</y>
        <isStatic>1</isStatic>
        <putInPanel>0</putInPanel>
      </PlankCreator>
    </entity>
    <entity>
      <PlankCreator>
        <x>9.925</x>
        <rotation>0</rotation>
        <y>10.925</y>
        <isStatic>1</isStatic>
        <putInPanel>0</putInPanel>
      </PlankCreator>
    </entity>
    <entity>
      <PlankCreator>
        <x>7.475</x>
        <rotation>0</rotation>
        <y>11.725</y>
        <isStatic>1</isStatic>
        <putInPanel>0</putInPanel>
      </PlankCreator>
    </entity>
    <entity>
      <PlankCreator>
        <x>5</x>
        <rotation>0.6981317007977318</rotation>
        <y>9.65</y>
        <isStatic>1</isStatic>
        <putInPanel>0</putInPanel>
      </PlankCreator>
    </entity>
    <entity>
      <CrateCreator>
        <x>9.35</x>
        <rotation>0</rotation>
        <y>11.575</y>
        <isStatic>1</isStatic>
        <putInPanel>0</putInPanel>
      </CrateCreator>
    </entity>
    <entity>
      <PlankCreator>
        <x>2.725</x>
        <rotation>0</rotation>
        <y>11.225</y>
        <isStatic>1</isStatic>
        <putInPanel>0</putInPanel>
      </PlankCreator>
    </entity>
    <entity>
      <PlankCreator>
        <x>6.025</x>
        <rotation>-1.6580627893946125</rotation>
        <y>11.3</y>
        <isStatic>1</isStatic>
        <putInPanel>0</putInPanel>
      </PlankCreator>
    </entity>
    <entity>
      <PlankCreator>
        <x>9.050000000000002</x>
        <rotation>-0.17453292519943286</rotation>
        <y>6.4487499999999995</y>
        <isStatic>1</isStatic>
        <putInPanel>0</putInPanel>
      </PlankCreator>
    </entity>
    <entity>
      <PlankCreator>
        <x>6.25</x>
        <rotation>-0.17453292519943298</rotation>
        <y>5.1</y>
        <isStatic>1</isStatic>
        <putInPanel>0</putInPanel>
      </PlankCreator>
    </entity>
    <entity>
      <PlankCreator>
        <x>4.34875</x>
        <rotation>0.2617993877991494</rotation>
        <y>4.97625</y>
        <isStatic>1</isStatic>
        <putInPanel>0</putInPanel>
      </PlankCreator>
    </entity>
    <entity>
      <PlankCreator>
        <x>2.525</x>
        <rotation>0.34906585039886573</rotation>
        <y>4.4</y>
        <isStatic>1</isStatic>
        <putInPanel>0</putInPanel>
      </PlankCreator>
    </entity>
    <entity>
      <CrateCreator>
        <x>10.775</x>
        <rotation>0</rotation>
        <y>4.175</y>
        <isStatic>0</isStatic>
        <putInPanel>1</putInPanel>
      </CrateCreator>
    </entity>
    <entity>
      <PlankCreator>
        <x>12.55</x>
        <rotation>1.570796326794896</rotation>
        <y>1.825</y>
        <isStatic>1</isStatic>
        <putInPanel>0</putInPanel>
      </PlankCreator>
    </entity>
    <entity>
      <PlankCreator>
        <x>12.55</x>
        <rotation>1.570796326794896</rotation>
        <y>3.7750000000000004</y>
        <isStatic>1</isStatic>
        <putInPanel>0</putInPanel>
      </PlankCreator>
    </entity>
    <entity>
      <CrateCreator>
        <x>11.625</x>
        <rotation>0</rotation>
        <y>1.075</y>
        <isStatic>1</isStatic>
        <putInPanel>0</putInPanel>
      </CrateCreator>
    </entity>
    <entity>
      <TriangleCreator>
        <x>1.075</x>
        <rotation>3.141592653589791</rotation>
        <y>4.525</y>
        <isStatic>1</isStatic>
        <putInPanel>0</putInPanel>
      </TriangleCreator>
    </entity>
    <entity>
      <CrateCreator>
        <x>5.175</x>
        <rotation>-3.141592653589791</rotation>
        <y>8.525</y>
        <isStatic>1</isStatic>
        <putInPanel>1</putInPanel>
      </CrateCreator>
    </entity>
    <entity>
      <TriangleCreator>
        <x>10.6</x>
        <rotation>3.141592653589791</rotation>
        <y>6.65</y>
        <isStatic>1</isStatic>
        <putInPanel>0</putInPanel>
      </TriangleCreator>
    </entity>
    <entity>
      <PlankCreator>
        <x>7.05</x>
        <rotation>2.7755575615628914e-17</rotation>
        <y>6.7</y>
        <isStatic>1</isStatic>
        <putInPanel>0</putInPanel>
      </PlankCreator>
    </entity>
    <entity>
      <PlankCreator>
        <x>5.95</x>
        <rotation>1.570796326794896</rotation>
        <y>7.575</y>
        <isStatic>1</isStatic>
        <putInPanel>0</putInPanel>
      </PlankCreator>
    </entity>
    <entity>
      <PlankCreator>
        <x>4.375</x>
        <rotation>1.570796326794896</rotation>
        <y>7.9</y>
        <isStatic>1</isStatic>
        <putInPanel>0</putInPanel>
      </PlankCreator>
    </entity>
    <entity>
      <PlankCreator>
        <x>3.3000000000000007</x>
        <rotation>-0.4363323129985824</rotation>
        <y>7.575000000000003</y>
        <isStatic>1</isStatic>
        <putInPanel>0</putInPanel>
      </PlankCreator>
    </entity>
    <entity>
      <TriangleCreator>
        <x>10.725</x>
        <rotation>0</rotation>
        <y>2.925</y>
        <isStatic>0</isStatic>
        <putInPanel>0</putInPanel>
      </TriangleCreator>
    </entity>
    <entity>
      <PlankCreator>
        <x>0.3</x>
        <rotation>1.570796326794896</rotation>
        <y>2.725</y>
        <isStatic>1</isStatic>
        <putInPanel>0</putInPanel>
      </PlankCreator>
    </entity>
    <entity>
      <PlankCreator>
        <x>0.275</x>
        <rotation>1.570796326794896</rotation>
        <y>4.65</y>
        <isStatic>1</isStatic>
        <putInPanel>0</putInPanel>
      </PlankCreator>
    </entity>
    <entity>
      <PlankCreator>
        <x>0.275</x>
        <rotation>1.570796326794896</rotation>
        <y>6.625</y>
        <isStatic>1</isStatic>
        <putInPanel>0</putInPanel>
      </PlankCreator>
    </entity>
    <entity>
      <PlankCreator>
        <x>0.3</x>
        <rotation>1.570796326794896</rotation>
        <y>8.6</y>
        <isStatic>1</isStatic>
        <putInPanel>0</putInPanel>
      </PlankCreator>
    </entity>
    <entity>
      <PlankCreator>
        <x>1.85</x>
        <rotation>-0.9599310885968813</rotation>
        <y>8.826250000000002</y>
        <isStatic>1</isStatic>
        <putInPanel>0</putInPanel>
      </PlankCreator>
    </entity>
    <entity>
      <BallReceiverCreator>
        <rotation>-3.141592653589791</rotation>
        <y>10.725</y>
        <ballType>1</ballType>
        <putInPanel>0</putInPanel>
        <ballCount>1</ballCount>
        <x>5.2</x>
        <isStatic>1</isStatic>
      </BallReceiverCreator>
    </entity>
    <entity>
      <PlankCreator>
        <x>1</x>
        <rotation>0.6981317007977317</rotation>
        <y>10.45</y>
        <isStatic>1</isStatic>
        <putInPanel>0</putInPanel>
      </PlankCreator>
    </entity>
    <entity>
      <PlankCreator>
        <x>8.25</x>
        <rotation>0</rotation>
        <y>9.95</y>
        <isStatic>1</isStatic>
        <putInPanel>0</putInPanel>
      </PlankCreator>
    </entity>
    <entity>
      <PlankCreator>
        <x>6.5237500000000015</x>
        <rotation>0.7853981633974483</rotation>
        <y>9.325</y>
        <isStatic>1</isStatic>
        <putInPanel>0</putInPanel>
      </PlankCreator>
    </entity>
    <entity>
      <TriangleCreator>
        <x>11.550000000000002</x>
        <rotation>-1.134464013796314</rotation>
        <y>1.9762499999999996</y>
        <isStatic>1</isStatic>
        <putInPanel>0</putInPanel>
      </TriangleCreator>
    </entity>
  </entities>
</level>