﻿<?xml version="1.0" encoding="utf-8"?>
<level>
  <entities>
    <entity>
      <Background>
        <image>common/graphics/background/background_1.jpg</image>
      </Background>
    </entity>
    <entity>
      <TriangleCreator>
        <x>2.175</x>
        <rotation>-8.326672684688674e-17</rotation>
        <y>6.301249999999999</y>
        <isStatic>1</isStatic>
        <putInPanel>0</putInPanel>
      </TriangleCreator>
    </entity>
    <entity>
      <TriangleCreator>
        <x>4.1</x>
        <rotation>0</rotation>
        <y>5.15</y>
        <isStatic>1</isStatic>
        <putInPanel>0</putInPanel>
      </TriangleCreator>
    </entity>
    <entity>
      <TriangleCreator>
        <x>2.725</x>
        <rotation>3.141592653589791</rotation>
        <y>1.6</y>
        <isStatic>0</isStatic>
        <putInPanel>1</putInPanel>
      </TriangleCreator>
    </entity>
    <entity>
      <PlankCreator>
        <x>11.75</x>
        <rotation>1.9428902930940242e-16</rotation>
        <y>4.325</y>
        <isStatic>1</isStatic>
        <putInPanel>0</putInPanel>
      </PlankCreator>
    </entity>
    <entity>
      <PlankCreator>
        <x>6.425000000000002</x>
        <rotation>-8.326672684688674e-17</rotation>
        <y>5.950000000000003</y>
        <isStatic>1</isStatic>
        <putInPanel>0</putInPanel>
      </PlankCreator>
    </entity>
    <entity>
      <PlankCreator>
        <x>9.826249999999998</x>
        <rotation>-8.326672684688674e-17</rotation>
        <y>4.325</y>
        <isStatic>1</isStatic>
        <putInPanel>0</putInPanel>
      </PlankCreator>
    </entity>
    <entity>
      <BallSpawnCreator>
        <x>12.849999999999998</x>
        <shootDelay>2</shootDelay>
        <ballType>1</ballType>
        <putInPanel>0</putInPanel>
        <ballCount>1</ballCount>
        <power>4</power>
        <rotation>-3.141592653589791</rotation>
        <isStatic>1</isStatic>
        <y>3.5999999999999996</y>
      </BallSpawnCreator>
    </entity>
    <entity>
      <PlankCreator>
        <x>7.924999999999999</x>
        <rotation>0</rotation>
        <y>4.325</y>
        <isStatic>1</isStatic>
        <putInPanel>0</putInPanel>
      </PlankCreator>
    </entity>
    <entity>
      <PlankCreator>
        <x>0.25</x>
        <rotation>-1.570796326794896</rotation>
        <y>4.025</y>
        <isStatic>1</isStatic>
        <putInPanel>0</putInPanel>
      </PlankCreator>
    </entity>
    <entity>
      <PlankCreator>
        <x>1.05</x>
        <rotation>-8.326672684688674e-17</rotation>
        <y>2.9</y>
        <isStatic>1</isStatic>
        <putInPanel>0</putInPanel>
      </PlankCreator>
    </entity>
    <entity>
      <PlankCreator>
        <x>9.325</x>
        <rotation>0</rotation>
        <y>2.9</y>
        <isStatic>1</isStatic>
        <putInPanel>0</putInPanel>
      </PlankCreator>
    </entity>
    <entity>
      <PlankCreator>
        <x>2.6</x>
        <rotation>0</rotation>
        <y>2.425</y>
        <isStatic>0</isStatic>
        <putInPanel>0</putInPanel>
      </PlankCreator>
    </entity>
    <entity>
      <PlankCreator>
        <x>7.4</x>
        <rotation>0</rotation>
        <y>2.9</y>
        <isStatic>1</isStatic>
        <putInPanel>0</putInPanel>
      </PlankCreator>
    </entity>
    <entity>
      <PlankCreator>
        <x>0.25</x>
        <rotation>1.570796326794896</rotation>
        <y>5.95</y>
        <isStatic>1</isStatic>
        <putInPanel>0</putInPanel>
      </PlankCreator>
    </entity>
    <entity>
      <BallSpawnCreator>
        <x>12.825</x>
        <shootDelay>0.2</shootDelay>
        <ballType>1</ballType>
        <putInPanel>0</putInPanel>
        <ballCount>1</ballCount>
        <power>5</power>
        <rotation>-3.141592653589791</rotation>
        <isStatic>1</isStatic>
        <y>2.225</y>
      </BallSpawnCreator>
    </entity>
    <entity>
      <PlankCreator>
        <x>11.275</x>
        <rotation>0</rotation>
        <y>2.9</y>
        <isStatic>1</isStatic>
        <putInPanel>0</putInPanel>
      </PlankCreator>
    </entity>
    <entity>
      <PlankCreator>
        <x>4.375</x>
        <rotation>0</rotation>
        <y>2.9</y>
        <isStatic>1</isStatic>
        <putInPanel>0</putInPanel>
      </PlankCreator>
    </entity>
    <entity>
      <LumberCreator>
        <x>4.75</x>
        <rotation>0.2617993877991494</rotation>
        <y>1.7737499999999995</y>
        <isStatic>0</isStatic>
        <putInPanel>1</putInPanel>
      </LumberCreator>
    </entity>
    <entity>
      <PlankCreator>
        <x>10.3</x>
        <rotation>0.17453292519943295</rotation>
        <y>6.125</y>
        <isStatic>1</isStatic>
        <putInPanel>0</putInPanel>
      </PlankCreator>
    </entity>
    <entity>
      <PlankCreator>
        <x>8.35</x>
        <rotation>0</rotation>
        <y>5.95</y>
        <isStatic>1</isStatic>
        <putInPanel>0</putInPanel>
      </PlankCreator>
    </entity>
    <entity>
      <BallReceiverCreator>
        <rotation>-2.7925268031909254</rotation>
        <y>6.3825</y>
        <ballType>1</ballType>
        <putInPanel>0</putInPanel>
        <ballCount>1</ballCount>
        <x>12.6625</x>
        <isStatic>1</isStatic>
      </BallReceiverCreator>
    </entity>
    <entity>
      <PlankCreator>
        <x>4.525</x>
        <rotation>0</rotation>
        <y>5.95</y>
        <isStatic>1</isStatic>
        <putInPanel>0</putInPanel>
      </PlankCreator>
    </entity>
    <entity>
      <PlankCreator>
        <x>1.7</x>
        <rotation>1.570796326794896</rotation>
        <y>7.9</y>
        <isStatic>1</isStatic>
        <putInPanel>0</putInPanel>
      </PlankCreator>
    </entity>
    <entity>
      <PlankCreator>
        <x>0.25</x>
        <rotation>-1.570796326794896</rotation>
        <y>7.925</y>
        <isStatic>1</isStatic>
        <putInPanel>0</putInPanel>
      </PlankCreator>
    </entity>
    <entity>
      <PlankCreator>
        <x>0.275</x>
        <rotation>1.570796326794896</rotation>
        <y>9.875</y>
        <isStatic>1</isStatic>
        <putInPanel>0</putInPanel>
      </PlankCreator>
    </entity>
    <entity>
      <PlankCreator>
        <x>1.675</x>
        <rotation>1.570796326794896</rotation>
        <y>9.875</y>
        <isStatic>1</isStatic>
        <putInPanel>0</putInPanel>
      </PlankCreator>
    </entity>
    <entity>
      <BallReceiverCreator>
        <rotation>-1.570796326794896</rotation>
        <y>12.425</y>
        <ballType>1</ballType>
        <putInPanel>0</putInPanel>
        <ballCount>1</ballCount>
        <x>0.95</x>
        <isStatic>1</isStatic>
      </BallReceiverCreator>
    </entity>
    <entity>
      <PlankCreator>
        <x>4.375</x>
        <rotation>0</rotation>
        <y>8.3</y>
        <isStatic>1</isStatic>
        <putInPanel>0</putInPanel>
      </PlankCreator>
    </entity>
    <entity>
      <TriangleCreator>
        <x>2.87375</x>
        <rotation>-4.014257279586955</rotation>
        <y>7.825</y>
        <isStatic>1</isStatic>
        <putInPanel>0</putInPanel>
      </TriangleCreator>
    </entity>
    <entity>
      <PlankCreator>
        <x>6.4</x>
        <rotation>0</rotation>
        <y>8.325</y>
        <isStatic>1</isStatic>
        <putInPanel>0</putInPanel>
      </PlankCreator>
    </entity>
    <entity>
      <PlankCreator>
        <x>8.375</x>
        <rotation>0</rotation>
        <y>8.325</y>
        <isStatic>1</isStatic>
        <putInPanel>0</putInPanel>
      </PlankCreator>
    </entity>
    <entity>
      <PlankCreator>
        <x>11.975</x>
        <rotation>0</rotation>
        <y>8.3</y>
        <isStatic>1</isStatic>
        <putInPanel>0</putInPanel>
      </PlankCreator>
    </entity>
    <entity>
      <PlankCreator>
        <x>9.5</x>
        <rotation>1.570796326794896</rotation>
        <y>9.125</y>
        <isStatic>1</isStatic>
        <putInPanel>0</putInPanel>
      </PlankCreator>
    </entity>
    <entity>
      <PlankCreator>
        <x>10.9</x>
        <rotation>1.570796326794896</rotation>
        <y>9.175</y>
        <isStatic>1</isStatic>
        <putInPanel>0</putInPanel>
      </PlankCreator>
    </entity>
    <entity>
      <CrateCreator>
        <x>10.2</x>
        <rotation>0</rotation>
        <y>9.7</y>
        <isStatic>1</isStatic>
        <putInPanel>0</putInPanel>
      </CrateCreator>
    </entity>
    <entity>
      <PlankCreator>
        <x>12.85</x>
        <rotation>1.570796326794896</rotation>
        <y>7.225</y>
        <isStatic>1</isStatic>
        <putInPanel>0</putInPanel>
      </PlankCreator>
    </entity>
    <entity>
      <PlankCreator>
        <x>0.275</x>
        <rotation>1.570796326794896</rotation>
        <y>1.75</y>
        <isStatic>1</isStatic>
        <putInPanel>0</putInPanel>
      </PlankCreator>
    </entity>
  </entities>
</level>