﻿<?xml version="1.0" encoding="utf-8"?>
<level>
  <entities>
    <entity>
      <Background>
        <image>common/graphics/background/background_1.jpg</image>
      </Background>
    </entity>
    <entity>
      <TriangleCreator>
        <x>7.149999999999999</x>
        <rotation>1.5640000000000027</rotation>
        <isStatic>1</isStatic>
        <putInPanel>0</putInPanel>
        <y>2.9750000000000005</y>
      </TriangleCreator>
    </entity>
    <entity>
      <BallSpawnCreator>
        <rotation>3.4220000000000015</rotation>
        <ballCount>6</ballCount>
        <putInPanel>0</putInPanel>
        <y>3.68625</y>
        <power>5</power>
        <x>11.925</x>
        <isStatic>1</isStatic>
        <ballType>1</ballType>
        <shootDelay>1</shootDelay>
      </BallSpawnCreator>
    </entity>
    <entity>
      <PlankCreator>
        <x>5.55</x>
        <rotation>0</rotation>
        <isStatic>1</isStatic>
        <putInPanel>1</putInPanel>
        <y>2.5</y>
      </PlankCreator>
    </entity>
    <entity>
      <PlankCreator>
        <x>3.6500000000000004</x>
        <rotation>0</rotation>
        <isStatic>1</isStatic>
        <putInPanel>0</putInPanel>
        <y>2.4999999999999996</y>
      </PlankCreator>
    </entity>
    <entity>
      <PlankCreator>
        <x>0.975</x>
        <rotation>0</rotation>
        <isStatic>1</isStatic>
        <putInPanel>0</putInPanel>
        <y>8.775</y>
      </PlankCreator>
    </entity>
    <entity>
      <LumberCreator>
        <x>4.35</x>
        <rotation>0</rotation>
        <isStatic>1</isStatic>
        <putInPanel>0</putInPanel>
        <y>4.325</y>
      </LumberCreator>
    </entity>
    <entity>
      <PlankCreator>
        <x>0.2</x>
        <rotation>1.5420000000000003</rotation>
        <isStatic>1</isStatic>
        <putInPanel>0</putInPanel>
        <y>7.675</y>
      </PlankCreator>
    </entity>
    <entity>
      <PlankCreator>
        <x>7.70125</x>
        <rotation>-0.6359999999999992</rotation>
        <isStatic>1</isStatic>
        <putInPanel>0</putInPanel>
        <y>5.14875</y>
      </PlankCreator>
    </entity>
    <entity>
      <BallReceiverCreator>
        <ballCount>3</ballCount>
        <putInPanel>0</putInPanel>
        <y>11.44875</y>
        <x>9.230000000000002</x>
        <rotation>-1.5420000000000016</rotation>
        <isStatic>1</isStatic>
        <ballType>1</ballType>
      </BallReceiverCreator>
    </entity>
    <entity>
      <BallReceiverCreator>
        <ballCount>3</ballCount>
        <putInPanel>0</putInPanel>
        <y>11.425</y>
        <x>2.4575000000000005</x>
        <rotation>-1.582000000000001</rotation>
        <isStatic>1</isStatic>
        <ballType>1</ballType>
      </BallReceiverCreator>
    </entity>
    <entity>
      <PlankCreator>
        <x>2.4</x>
        <rotation>1.142</rotation>
        <isStatic>1</isStatic>
        <putInPanel>0</putInPanel>
        <y>5.825</y>
      </PlankCreator>
    </entity>
    <entity>
      <PlankCreator>
        <x>4.1</x>
        <rotation>0.07999999999999999</rotation>
        <isStatic>1</isStatic>
        <putInPanel>0</putInPanel>
        <y>9.04875</y>
      </PlankCreator>
    </entity>
    <entity>
      <LumberCreator>
        <x>2.975</x>
        <rotation>0</rotation>
        <isStatic>0</isStatic>
        <putInPanel>0</putInPanel>
        <y>1.6</y>
      </LumberCreator>
    </entity>
    <entity>
      <TriangleCreator>
        <x>0.675</x>
        <rotation>3.6040000000000014</rotation>
        <isStatic>1</isStatic>
        <putInPanel>0</putInPanel>
        <y>8.05</y>
      </TriangleCreator>
    </entity>
    <entity>
      <PlankCreator>
        <x>1</x>
        <rotation>0.41800000000000004</rotation>
        <isStatic>1</isStatic>
        <putInPanel>0</putInPanel>
        <y>4.3</y>
      </PlankCreator>
    </entity>
    <entity>
      <PlankCreator>
        <x>7.4</x>
        <rotation>0</rotation>
        <isStatic>1</isStatic>
        <putInPanel>0</putInPanel>
        <y>9.175</y>
      </PlankCreator>
    </entity>
    <entity>
      <CrateCreator>
        <x>5.75</x>
        <rotation>0</rotation>
        <isStatic>1</isStatic>
        <putInPanel>1</putInPanel>
        <y>10.725</y>
      </CrateCreator>
    </entity>
    <entity>
      <PlankCreator>
        <x>6.60125</x>
        <rotation>1.5420000000000003</rotation>
        <isStatic>1</isStatic>
        <putInPanel>0</putInPanel>
        <y>10.275</y>
      </PlankCreator>
    </entity>
    <entity>
      <PlankCreator>
        <x>4.998749999999999</x>
        <rotation>1.5640000000000018</rotation>
        <isStatic>1</isStatic>
        <putInPanel>0</putInPanel>
        <y>10.375</y>
      </PlankCreator>
    </entity>
  </entities>
</level>