﻿<?xml version="1.0" encoding="utf-8"?>
<level>
  <entities>
    <entity>
      <BallReceiverCreator>
        <isStatic>1</isStatic>
        <ballType>1</ballType>
        <y>11.030000000000001</y>
        <x>10.221250000000001</x>
        <ballCount>2</ballCount>
        <putInPanel>0</putInPanel>
        <rotation>-2.4539999999999997</rotation>
      </BallReceiverCreator>
    </entity>
    <entity>
      <Background>
        <image>common/graphics/background/background_1.jpg</image>
      </Background>
    </entity>
    <entity>
      <BallSpawnCreator>
        <isStatic>1</isStatic>
        <power>5</power>
        <y>2.26375</y>
        <shootDelay>0.2</shootDelay>
        <x>1.595</x>
        <rotation>0.24</rotation>
        <ballCount>2</ballCount>
        <putInPanel>0</putInPanel>
        <ballType>1</ballType>
      </BallSpawnCreator>
    </entity>
    <entity>
      <TriangleCreator>
        <x>3.37375</x>
        <rotation>-1.3780000000000001</rotation>
        <isStatic>1</isStatic>
        <putInPanel>0</putInPanel>
        <y>4.525</y>
      </TriangleCreator>
    </entity>
    <entity>
      <TriangleCreator>
        <x>3.50125</x>
        <rotation>-4.498000000000001</rotation>
        <isStatic>1</isStatic>
        <putInPanel>0</putInPanel>
        <y>3.825</y>
      </TriangleCreator>
    </entity>
    <entity>
      <TriangleCreator>
        <x>4.7</x>
        <rotation>-2.218000000000001</rotation>
        <isStatic>1</isStatic>
        <putInPanel>0</putInPanel>
        <y>2.55125</y>
      </TriangleCreator>
    </entity>
    <entity>
      <TriangleCreator>
        <x>4.875</x>
        <rotation>-1.2759999999999996</rotation>
        <isStatic>1</isStatic>
        <putInPanel>0</putInPanel>
        <y>3.17375</y>
      </TriangleCreator>
    </entity>
    <entity>
      <PlankCreator>
        <x>5.225</x>
        <rotation>-1.035999999999999</rotation>
        <isStatic>1</isStatic>
        <putInPanel>0</putInPanel>
        <y>5.15</y>
      </PlankCreator>
    </entity>
    <entity>
      <PlankCreator>
        <x>4.0737499999999995</x>
        <rotation>0.8220000000000006</rotation>
        <isStatic>1</isStatic>
        <putInPanel>1</putInPanel>
        <y>8.225</y>
      </PlankCreator>
    </entity>
    <entity>
      <PlankCreator>
        <x>7.3512499999999985</x>
        <rotation>0.32</rotation>
        <isStatic>1</isStatic>
        <putInPanel>1</putInPanel>
        <y>10.175</y>
      </PlankCreator>
    </entity>
    <entity>
      <LumberCreator>
        <x>5.575</x>
        <rotation>0</rotation>
        <isStatic>1</isStatic>
        <putInPanel>1</putInPanel>
        <y>9.725</y>
      </LumberCreator>
    </entity>
  </entities>
</level>