﻿<?xml version="1.0" encoding="utf-8"?>
<level>
  <entities>
    <entity>
      <Background>
        <image>common/graphics/background/background_1.jpg</image>
      </Background>
    </entity>
    <entity>
      <BallSpawnCreator>
        <isStatic>1</isStatic>
        <power>3</power>
        <y>4.194999999999999</y>
        <shootDelay>1.4</shootDelay>
        <x>1.10625</x>
        <rotation>-0.5780000000000001</rotation>
        <ballCount>3</ballCount>
        <putInPanel>0</putInPanel>
        <ballType>1</ballType>
      </BallSpawnCreator>
    </entity>
    <entity>
      <BallSpawnCreator>
        <isStatic>1</isStatic>
        <power>3</power>
        <y>5.0375</y>
        <shootDelay>1.4</shootDelay>
        <x>11.63125</x>
        <rotation>-2.2179999999999995</rotation>
        <ballCount>4</ballCount>
        <putInPanel>0</putInPanel>
        <ballType>1</ballType>
      </BallSpawnCreator>
    </entity>
    <entity>
      <BallReceiverCreator>
        <isStatic>1</isStatic>
        <ballType>1</ballType>
        <y>11.373749999999998</y>
        <x>7.140000000000001</x>
        <ballCount>7</ballCount>
        <putInPanel>0</putInPanel>
        <rotation>-1.5559999999999996</rotation>
      </BallReceiverCreator>
    </entity>
    <entity>
      <TriangleCreator>
        <x>7.4</x>
        <rotation>0</rotation>
        <isStatic>1</isStatic>
        <putInPanel>0</putInPanel>
        <y>1.625</y>
      </TriangleCreator>
    </entity>
    <entity>
      <TriangleCreator>
        <x>7.375</x>
        <rotation>0</rotation>
        <isStatic>1</isStatic>
        <putInPanel>0</putInPanel>
        <y>2.95</y>
      </TriangleCreator>
    </entity>
    <entity>
      <TriangleCreator>
        <x>7.4</x>
        <rotation>0</rotation>
        <isStatic>1</isStatic>
        <putInPanel>0</putInPanel>
        <y>4.35</y>
      </TriangleCreator>
    </entity>
    <entity>
      <TriangleCreator>
        <x>7.35</x>
        <rotation>0</rotation>
        <isStatic>1</isStatic>
        <putInPanel>0</putInPanel>
        <y>5.725</y>
      </TriangleCreator>
    </entity>
    <entity>
      <PlankCreator>
        <x>8.35</x>
        <rotation>1.208000000000002</rotation>
        <isStatic>1</isStatic>
        <putInPanel>0</putInPanel>
        <y>6.1</y>
      </PlankCreator>
    </entity>
    <entity>
      <PlankCreator>
        <x>6.276249999999999</x>
        <rotation>-1.0359999999999991</rotation>
        <isStatic>1</isStatic>
        <putInPanel>0</putInPanel>
        <y>6.02375</y>
      </PlankCreator>
    </entity>
    <entity>
      <PlankCreator>
        <x>5.275</x>
        <rotation>0.32400000000000095</rotation>
        <isStatic>0</isStatic>
        <putInPanel>1</putInPanel>
        <y>9.325000000000003</y>
      </PlankCreator>
    </entity>
    <entity>
      <TriangleCreator>
        <x>3.750000000000001</x>
        <rotation>-0.49799999999999955</rotation>
        <isStatic>1</isStatic>
        <putInPanel>0</putInPanel>
        <y>9.526249999999997</y>
      </TriangleCreator>
    </entity>
    <entity>
      <TriangleCreator>
        <x>5.95</x>
        <rotation>0.2660000000000014</rotation>
        <isStatic>1</isStatic>
        <putInPanel>0</putInPanel>
        <y>10.5</y>
      </TriangleCreator>
    </entity>
    <entity>
      <TriangleCreator>
        <x>8.325</x>
        <rotation>-0.09799999999999948</rotation>
        <isStatic>1</isStatic>
        <putInPanel>0</putInPanel>
        <y>10.65125</y>
      </TriangleCreator>
    </entity>
    <entity>
      <PlankCreator>
        <x>8.925</x>
        <rotation>-0.4620000000000007</rotation>
        <isStatic>0</isStatic>
        <putInPanel>1</putInPanel>
        <y>9.5</y>
      </PlankCreator>
    </entity>
    <entity>
      <TriangleCreator>
        <x>10.67625</x>
        <rotation>0.764000000000001</rotation>
        <isStatic>1</isStatic>
        <putInPanel>0</putInPanel>
        <y>8.95</y>
      </TriangleCreator>
    </entity>
    <entity>
      <CrateCreator>
        <x>9.5</x>
        <rotation>-0.5939999999999986</rotation>
        <isStatic>1</isStatic>
        <putInPanel>1</putInPanel>
        <y>10.1</y>
      </CrateCreator>
    </entity>
  </entities>
</level>