﻿<?xml version="1.0" encoding="utf-8"?>
<level>
  <entities>
    <entity>
      <Background>
        <image>common/graphics/background/background_1.jpg</image>
      </Background>
    </entity>
    <entity>
      <PlankCreator>
        <isStatic>1</isStatic>
        <putInPanel>0</putInPanel>
        <y>1.1</y>
        <rotation>0</rotation>
        <x>5.525</x>
      </PlankCreator>
    </entity>
    <entity>
      <BallSpawnCreator>
        <putInPanel>0</putInPanel>
        <shootDelay>0.2</shootDelay>
        <power>10</power>
        <rotation>-1.5900000000000003</rotation>
        <isStatic>1</isStatic>
        <ballCount>1</ballCount>
        <ballType>1</ballType>
        <y>10.501249999999997</y>
        <x>11.0875</x>
      </BallSpawnCreator>
    </entity>
    <entity>
      <BallSpawnCreator>
        <putInPanel>0</putInPanel>
        <shootDelay>1</shootDelay>
        <power>10</power>
        <rotation>-1.5779999999999998</rotation>
        <isStatic>1</isStatic>
        <ballCount>2</ballCount>
        <ballType>1</ballType>
        <y>10.424999999999999</y>
        <x>7.5287500000000005</x>
      </BallSpawnCreator>
    </entity>
    <entity>
      <PlankCreator>
        <isStatic>1</isStatic>
        <putInPanel>0</putInPanel>
        <y>1.1</y>
        <rotation>0</rotation>
        <x>8.7</x>
      </PlankCreator>
    </entity>
    <entity>
      <BallSpawnCreator>
        <putInPanel>0</putInPanel>
        <shootDelay>0.2</shootDelay>
        <power>10</power>
        <rotation>-1.582000000000001</rotation>
        <isStatic>1</isStatic>
        <ballCount>2</ballCount>
        <ballType>1</ballType>
        <y>10.425</y>
        <x>6.65625</x>
      </BallSpawnCreator>
    </entity>
    <entity>
      <TriangleCreator>
        <isStatic>1</isStatic>
        <putInPanel>0</putInPanel>
        <y>1.6</y>
        <rotation>3.1420000000000012</rotation>
        <x>7.125</x>
      </TriangleCreator>
    </entity>
    <entity>
      <CrateCreator>
        <isStatic>1</isStatic>
        <putInPanel>1</putInPanel>
        <y>4.075</y>
        <rotation>0</rotation>
        <x>3.275</x>
      </CrateCreator>
    </entity>
    <entity>
      <BallSpawnCreator>
        <putInPanel>0</putInPanel>
        <shootDelay>1</shootDelay>
        <power>10</power>
        <rotation>-0.8600000000000002</rotation>
        <isStatic>1</isStatic>
        <ballCount>1</ballCount>
        <ballType>1</ballType>
        <y>8.087499999999999</y>
        <x>0.5362500000000001</x>
      </BallSpawnCreator>
    </entity>
    <entity>
      <PlankCreator>
        <isStatic>1</isStatic>
        <putInPanel>0</putInPanel>
        <y>5.55</y>
        <rotation>1.822000000000001</rotation>
        <x>5.376250000000001</x>
      </PlankCreator>
    </entity>
    <entity>
      <BallReceiverCreator>
        <putInPanel>0</putInPanel>
        <x>3.682499999999999</x>
        <rotation>-1.5820000000000005</rotation>
        <isStatic>1</isStatic>
        <ballCount>6</ballCount>
        <ballType>1</ballType>
        <y>11.473749999999999</y>
      </BallReceiverCreator>
    </entity>
    <entity>
      <LumberCreator>
        <isStatic>0</isStatic>
        <putInPanel>1</putInPanel>
        <y>2.55</y>
        <rotation>0</rotation>
        <x>11.525</x>
      </LumberCreator>
    </entity>
    <entity>
      <PlankCreator>
        <isStatic>1</isStatic>
        <putInPanel>0</putInPanel>
        <y>4.225</y>
        <rotation>0.742</rotation>
        <x>0.425</x>
      </PlankCreator>
    </entity>
    <entity>
      <PlankCreator>
        <isStatic>1</isStatic>
        <putInPanel>0</putInPanel>
        <y>1.9737500000000003</y>
        <rotation>1.3820000000000008</rotation>
        <x>10.17625</x>
      </PlankCreator>
    </entity>
    <entity>
      <PlankCreator>
        <isStatic>1</isStatic>
        <putInPanel>0</putInPanel>
        <y>10.175</y>
        <rotation>-0.9779999999999998</rotation>
        <x>9.875</x>
      </PlankCreator>
    </entity>
    <entity>
      <PlankCreator>
        <isStatic>1</isStatic>
        <putInPanel>1</putInPanel>
        <y>11.45125</y>
        <rotation>-0.28</rotation>
        <x>8.375</x>
      </PlankCreator>
    </entity>
    <entity>
      <PlankCreator>
        <isStatic>1</isStatic>
        <putInPanel>0</putInPanel>
        <y>11.601249999999999</y>
        <rotation>0.30200000000000043</rotation>
        <x>6.37375</x>
      </PlankCreator>
    </entity>
    <entity>
      <PlankCreator>
        <isStatic>1</isStatic>
        <putInPanel>0</putInPanel>
        <y>10.899999999999999</y>
        <rotation>1.0620000000000005</rotation>
        <x>4.975</x>
      </PlankCreator>
    </entity>
  </entities>
</level>