﻿<?xml version="1.0" encoding="utf-8"?>
<level>
  <entities>
    <entity>
      <Background>
        <image>common/graphics/background/background_1.jpg</image>
      </Background>
    </entity>
    <entity>
      <BallSpawnCreator>
        <rotation>0</rotation>
        <isStatic>1</isStatic>
        <power>3</power>
        <y>3.05</y>
        <shootDelay>1</shootDelay>
        <x>0.45</x>
        <ballCount>3</ballCount>
        <putInPanel>0</putInPanel>
        <ballType>1</ballType>
      </BallSpawnCreator>
    </entity>
    <entity>
      <BallSpawnCreator>
        <rotation>0</rotation>
        <isStatic>1</isStatic>
        <power>3</power>
        <y>6.2</y>
        <shootDelay>1</shootDelay>
        <x>0.425</x>
        <ballCount>3</ballCount>
        <putInPanel>0</putInPanel>
        <ballType>1</ballType>
      </BallSpawnCreator>
    </entity>
    <entity>
      <PlankCreator>
        <x>2.075</x>
        <rotation>0</rotation>
        <isStatic>1</isStatic>
        <putInPanel>0</putInPanel>
        <y>5.125</y>
      </PlankCreator>
    </entity>
    <entity>
      <PlankCreator>
        <x>4.025</x>
        <rotation>0</rotation>
        <isStatic>1</isStatic>
        <putInPanel>0</putInPanel>
        <y>5.1</y>
      </PlankCreator>
    </entity>
    <entity>
      <PlankCreator>
        <x>6.05</x>
        <rotation>0</rotation>
        <isStatic>1</isStatic>
        <putInPanel>0</putInPanel>
        <y>5.1</y>
      </PlankCreator>
    </entity>
    <entity>
      <PlankCreator>
        <x>8.05</x>
        <rotation>0</rotation>
        <isStatic>1</isStatic>
        <putInPanel>0</putInPanel>
        <y>5.1</y>
      </PlankCreator>
    </entity>
    <entity>
      <TriangleCreator>
        <x>11.975</x>
        <rotation>-0.42200000000000043</rotation>
        <isStatic>1</isStatic>
        <putInPanel>1</putInPanel>
        <y>6.75</y>
      </TriangleCreator>
    </entity>
    <entity>
      <PlankCreator>
        <x>11.525</x>
        <rotation>-0.2800000000000023</rotation>
        <isStatic>1</isStatic>
        <putInPanel>0</putInPanel>
        <y>7.77375</y>
      </PlankCreator>
    </entity>
    <entity>
      <PlankCreator>
        <x>9.625</x>
        <rotation>-0.09799999999999959</rotation>
        <isStatic>1</isStatic>
        <putInPanel>0</putInPanel>
        <y>8.17375</y>
      </PlankCreator>
    </entity>
    <entity>
      <PlankCreator>
        <x>7.6</x>
        <rotation>-0.040000000000000015</rotation>
        <isStatic>1</isStatic>
        <putInPanel>0</putInPanel>
        <y>8.35125</y>
      </PlankCreator>
    </entity>
    <entity>
      <PlankCreator>
        <x>5.55</x>
        <rotation>0</rotation>
        <isStatic>1</isStatic>
        <putInPanel>0</putInPanel>
        <y>8.375</y>
      </PlankCreator>
    </entity>
    <entity>
      <PlankCreator>
        <x>3.475</x>
        <rotation>0</rotation>
        <isStatic>1</isStatic>
        <putInPanel>0</putInPanel>
        <y>8.425</y>
      </PlankCreator>
    </entity>
    <entity>
      <PlankCreator>
        <x>1.625</x>
        <rotation>0.34199999999999986</rotation>
        <isStatic>1</isStatic>
        <putInPanel>1</putInPanel>
        <y>9.85</y>
      </PlankCreator>
    </entity>
    <entity>
      <PlankCreator>
        <x>3.6987499999999995</x>
        <rotation>0.2</rotation>
        <isStatic>1</isStatic>
        <putInPanel>1</putInPanel>
        <y>10.35</y>
      </PlankCreator>
    </entity>
    <entity>
      <PlankCreator>
        <x>5.8</x>
        <rotation>0</rotation>
        <isStatic>1</isStatic>
        <putInPanel>1</putInPanel>
        <y>10.575</y>
      </PlankCreator>
    </entity>
    <entity>
      <PlankCreator>
        <x>7.975</x>
        <rotation>0.07999999999999999</rotation>
        <isStatic>1</isStatic>
        <putInPanel>1</putInPanel>
        <y>10.6</y>
      </PlankCreator>
    </entity>
    <entity>
      <BallReceiverCreator>
        <rotation>-2.0759999999999996</rotation>
        <isStatic>1</isStatic>
        <ballType>1</ballType>
        <y>11.59375</y>
        <x>10.633750000000001</x>
        <ballCount>6</ballCount>
        <putInPanel>0</putInPanel>
      </BallReceiverCreator>
    </entity>
    <entity>
      <CrateCreator>
        <x>11.37625</x>
        <rotation>-0.7159999999999995</rotation>
        <isStatic>1</isStatic>
        <putInPanel>0</putInPanel>
        <y>5.05</y>
      </CrateCreator>
    </entity>
    <entity>
      <PlankCreator>
        <x>0.425</x>
        <rotation>-1.6940000000000006</rotation>
        <isStatic>1</isStatic>
        <putInPanel>0</putInPanel>
        <y>8.575</y>
      </PlankCreator>
    </entity>
    <entity>
      <LumberCreator>
        <x>8.325</x>
        <rotation>0</rotation>
        <isStatic>0</isStatic>
        <putInPanel>0</putInPanel>
        <y>1.325</y>
      </LumberCreator>
    </entity>
    <entity>
      <CrateCreator>
        <x>10.7</x>
        <rotation>-0.7179999999999997</rotation>
        <isStatic>1</isStatic>
        <putInPanel>0</putInPanel>
        <y>4.22375</y>
      </CrateCreator>
    </entity>
    <entity>
      <CrateCreator>
        <x>9.975</x>
        <rotation>-0.7179999999999992</rotation>
        <isStatic>1</isStatic>
        <putInPanel>0</putInPanel>
        <y>3.425</y>
      </CrateCreator>
    </entity>
    <entity>
      <PlankCreator>
        <x>8.35</x>
        <rotation>0</rotation>
        <isStatic>1</isStatic>
        <putInPanel>1</putInPanel>
        <y>2.325</y>
      </PlankCreator>
    </entity>
    <entity>
      <TriangleCreator>
        <x>8.2</x>
        <rotation>-1.1379999999999995</rotation>
        <isStatic>1</isStatic>
        <putInPanel>1</putInPanel>
        <y>2.775</y>
      </TriangleCreator>
    </entity>
  </entities>
</level>