﻿<?xml version="1.0" encoding="utf-8"?>
<level>
  <entities>
    <entity>
      <Background>
        <image>common/graphics/background/background_1.jpg</image>
      </Background>
    </entity>
    <entity>
      <TriangleCreator>
        <x>1.5</x>
        <rotation>0</rotation>
        <y>10.5</y>
        <isStatic>1</isStatic>
        <putInPanel>0</putInPanel>
      </TriangleCreator>
    </entity>
    <entity>
      <TriangleCreator>
        <x>2.8</x>
        <rotation>0</rotation>
        <y>10.5</y>
        <isStatic>1</isStatic>
        <putInPanel>0</putInPanel>
      </TriangleCreator>
    </entity>
    <entity>
      <TriangleCreator>
        <x>4.075</x>
        <rotation>0</rotation>
        <y>10.475</y>
        <isStatic>1</isStatic>
        <putInPanel>0</putInPanel>
      </TriangleCreator>
    </entity>
    <entity>
      <TriangleCreator>
        <x>5.4</x>
        <rotation>0</rotation>
        <y>10.45</y>
        <isStatic>1</isStatic>
        <putInPanel>0</putInPanel>
      </TriangleCreator>
    </entity>
    <entity>
      <TriangleCreator>
        <x>5.2</x>
        <rotation>-3.141592653589791</rotation>
        <y>2.325</y>
        <isStatic>0</isStatic>
        <putInPanel>0</putInPanel>
      </TriangleCreator>
    </entity>
    <entity>
      <TriangleCreator>
        <x>6.375</x>
        <rotation>-3.141592653589791</rotation>
        <y>2.625</y>
        <isStatic>0</isStatic>
        <putInPanel>0</putInPanel>
      </TriangleCreator>
    </entity>
    <entity>
      <TriangleCreator>
        <x>7.475</x>
        <rotation>3.141592653589791</rotation>
        <y>3.025</y>
        <isStatic>0</isStatic>
        <putInPanel>0</putInPanel>
      </TriangleCreator>
    </entity>
    <entity>
      <BallSpawnCreator>
        <x>12.625</x>
        <shootDelay>0.2</shootDelay>
        <ballType>1</ballType>
        <putInPanel>1</putInPanel>
        <ballCount>1</ballCount>
        <power>10</power>
        <rotation>-3.141592653589791</rotation>
        <isStatic>1</isStatic>
        <y>3.55</y>
      </BallSpawnCreator>
    </entity>
    <entity>
      <TriangleCreator>
        <x>6.7</x>
        <rotation>0</rotation>
        <y>10.425</y>
        <isStatic>1</isStatic>
        <putInPanel>0</putInPanel>
      </TriangleCreator>
    </entity>
    <entity>
      <TriangleCreator>
        <x>8.7</x>
        <rotation>3.141592653589791</rotation>
        <y>3.35</y>
        <isStatic>0</isStatic>
        <putInPanel>0</putInPanel>
      </TriangleCreator>
    </entity>
    <entity>
      <TriangleCreator>
        <x>4.025</x>
        <rotation>-3.141592653589791</rotation>
        <y>1.975</y>
        <isStatic>0</isStatic>
        <putInPanel>1</putInPanel>
      </TriangleCreator>
    </entity>
    <entity>
      <BallReceiverCreator>
        <rotation>-1.570796326794896</rotation>
        <y>11.725</y>
        <ballType>1</ballType>
        <putInPanel>0</putInPanel>
        <ballCount>5</ballCount>
        <x>0.475</x>
        <isStatic>1</isStatic>
      </BallReceiverCreator>
    </entity>
    <entity>
      <TriangleCreator>
        <x>8.075</x>
        <rotation>0</rotation>
        <y>10.45</y>
        <isStatic>1</isStatic>
        <putInPanel>0</putInPanel>
      </TriangleCreator>
    </entity>
    <entity>
      <TriangleCreator>
        <x>9.8</x>
        <rotation>-3.141592653589791</rotation>
        <y>3.825</y>
        <isStatic>0</isStatic>
        <putInPanel>0</putInPanel>
      </TriangleCreator>
    </entity>
    <entity>
      <BallReceiverCreator>
        <rotation>-1.570796326794896</rotation>
        <y>12.425</y>
        <ballType>1</ballType>
        <putInPanel>0</putInPanel>
        <ballCount>1</ballCount>
        <x>9.675</x>
        <isStatic>1</isStatic>
      </BallReceiverCreator>
    </entity>
    <entity>
      <CrateCreator>
        <x>11.1</x>
        <rotation>0</rotation>
        <y>10.5</y>
        <isStatic>1</isStatic>
        <putInPanel>0</putInPanel>
      </CrateCreator>
    </entity>
    <entity>
      <PlankCreator>
        <x>11.425</x>
        <rotation>0</rotation>
        <y>9.825</y>
        <isStatic>1</isStatic>
        <putInPanel>0</putInPanel>
      </PlankCreator>
    </entity>
    <entity>
      <PlankCreator>
        <x>12.275</x>
        <rotation>1.570796326794896</rotation>
        <y>7.95</y>
        <isStatic>1</isStatic>
        <putInPanel>0</putInPanel>
      </PlankCreator>
    </entity>
    <entity>
      <BallSpawnCreator>
        <x>13.125</x>
        <shootDelay>2.2</shootDelay>
        <ballType>1</ballType>
        <putInPanel>0</putInPanel>
        <ballCount>5</ballCount>
        <power>3</power>
        <rotation>-3.141592653589791</rotation>
        <isStatic>1</isStatic>
        <y>9.325</y>
      </BallSpawnCreator>
    </entity>
    <entity>
      <PlankCreator>
        <x>12.275</x>
        <rotation>1.570796326794896</rotation>
        <y>6.025</y>
        <isStatic>1</isStatic>
        <putInPanel>0</putInPanel>
      </PlankCreator>
    </entity>
    <entity>
      <PlankCreator>
        <x>12.05</x>
        <rotation>0</rotation>
        <y>4.775</y>
        <isStatic>1</isStatic>
        <putInPanel>0</putInPanel>
      </PlankCreator>
    </entity>
    <entity>
      <PlankCreator>
        <x>0.25</x>
        <rotation>-1.570796326794896</rotation>
        <y>8.925</y>
        <isStatic>1</isStatic>
        <putInPanel>0</putInPanel>
      </PlankCreator>
    </entity>
    <entity>
      <PlankCreator>
        <x>0.225</x>
        <rotation>1.570796326794896</rotation>
        <y>6.925</y>
        <isStatic>1</isStatic>
        <putInPanel>0</putInPanel>
      </PlankCreator>
    </entity>
    <entity>
      <PlankCreator>
        <x>0.25</x>
        <rotation>-1.570796326794896</rotation>
        <y>5</y>
        <isStatic>1</isStatic>
        <putInPanel>0</putInPanel>
      </PlankCreator>
    </entity>
    <entity>
      <PlankCreator>
        <x>0.225</x>
        <rotation>1.570796326794896</rotation>
        <y>3.05</y>
        <isStatic>1</isStatic>
        <putInPanel>0</putInPanel>
      </PlankCreator>
    </entity>
    <entity>
      <PlankCreator>
        <x>1.1</x>
        <rotation>3.141592653589791</rotation>
        <y>1.9</y>
        <isStatic>1</isStatic>
        <putInPanel>0</putInPanel>
      </PlankCreator>
    </entity>
    <entity>
      <CrateCreator>
        <x>1.45</x>
        <rotation>0</rotation>
        <y>1.2</y>
        <isStatic>1</isStatic>
        <putInPanel>0</putInPanel>
      </CrateCreator>
    </entity>
  </entities>
</level>