﻿<?xml version="1.0" encoding="utf-8"?>
<level>
  <entities>
    <entity>
      <Background>
        <image>common/graphics/background/background_1.jpg</image>
      </Background>
    </entity>
    <entity>
      <CrateCreator>
        <x>10.475</x>
        <rotation>-2.3592239273284576e-16</rotation>
        <isStatic>1</isStatic>
        <putInPanel>0</putInPanel>
        <y>5.125</y>
      </CrateCreator>
    </entity>
    <entity>
      <CrateCreator>
        <x>11.35</x>
        <rotation>0</rotation>
        <isStatic>1</isStatic>
        <putInPanel>0</putInPanel>
        <y>3.125</y>
      </CrateCreator>
    </entity>
    <entity>
      <BallSpawnCreator>
        <rotation>-0.30200000000000016</rotation>
        <ballCount>3</ballCount>
        <putInPanel>0</putInPanel>
        <y>7.575</y>
        <power>6</power>
        <x>1.6074999999999995</x>
        <isStatic>1</isStatic>
        <ballType>1</ballType>
        <shootDelay>1.4</shootDelay>
      </BallSpawnCreator>
    </entity>
    <entity>
      <LumberCreator>
        <x>10.45</x>
        <rotation>0</rotation>
        <isStatic>0</isStatic>
        <putInPanel>0</putInPanel>
        <y>1.625</y>
      </LumberCreator>
    </entity>
    <entity>
      <CrateCreator>
        <x>8.55</x>
        <rotation>0</rotation>
        <isStatic>1</isStatic>
        <putInPanel>0</putInPanel>
        <y>8.05</y>
      </CrateCreator>
    </entity>
    <entity>
      <BallReceiverCreator>
        <ballCount>3</ballCount>
        <putInPanel>0</putInPanel>
        <y>7.121249999999999</y>
        <x>12.83875</x>
        <rotation>-2.7020000000000017</rotation>
        <isStatic>1</isStatic>
        <ballType>1</ballType>
      </BallReceiverCreator>
    </entity>
    <entity>
      <PlankCreator>
        <x>7.45</x>
        <rotation>0.41799999999999954</rotation>
        <isStatic>1</isStatic>
        <putInPanel>0</putInPanel>
        <y>10.05</y>
      </PlankCreator>
    </entity>
    <entity>
      <BallSpawnCreator>
        <rotation>1.2220000000000004</rotation>
        <ballCount>1</ballCount>
        <putInPanel>0</putInPanel>
        <y>0.8412500000000002</y>
        <power>5</power>
        <x>3.3200000000000003</x>
        <isStatic>1</isStatic>
        <ballType>1</ballType>
        <shootDelay>3.8</shootDelay>
      </BallSpawnCreator>
    </entity>
    <entity>
      <PlankCreator>
        <x>9.75</x>
        <rotation>-0.4220000000000005</rotation>
        <isStatic>1</isStatic>
        <putInPanel>1</putInPanel>
        <y>2.8262499999999995</y>
      </PlankCreator>
    </entity>
    <entity>
      <PlankCreator>
        <x>3.05</x>
        <rotation>0</rotation>
        <isStatic>1</isStatic>
        <putInPanel>0</putInPanel>
        <y>4.15</y>
      </PlankCreator>
    </entity>
    <entity>
      <PlankCreator>
        <x>7.82625</x>
        <rotation>-0.34200000000000047</rotation>
        <isStatic>1</isStatic>
        <putInPanel>0</putInPanel>
        <y>3.95</y>
      </PlankCreator>
    </entity>
    <entity>
      <PlankCreator>
        <x>6.1</x>
        <rotation>0</rotation>
        <isStatic>1</isStatic>
        <putInPanel>0</putInPanel>
        <y>4.6</y>
      </PlankCreator>
    </entity>
    <entity>
      <PlankCreator>
        <x>0.275</x>
        <rotation>1.564</rotation>
        <isStatic>1</isStatic>
        <putInPanel>1</putInPanel>
        <y>5.45</y>
      </PlankCreator>
    </entity>
    <entity>
      <PlankCreator>
        <x>3.95</x>
        <rotation>0.18200000000000047</rotation>
        <isStatic>1</isStatic>
        <putInPanel>0</putInPanel>
        <y>8.125</y>
      </PlankCreator>
    </entity>
    <entity>
      <BallReceiverCreator>
        <ballCount>1</ballCount>
        <putInPanel>0</putInPanel>
        <y>11.67625</y>
        <x>0.6075000000000005</x>
        <rotation>-1.5820000000000014</rotation>
        <isStatic>1</isStatic>
        <ballType>1</ballType>
      </BallReceiverCreator>
    </entity>
  </entities>
</level>