﻿<?xml version="1.0" encoding="utf-8"?>
<level>
  <entities>
    <entity>
      <Background>
        <image>common/graphics/background/background_1.jpg</image>
      </Background>
    </entity>
    <entity>
      <BallSpawnCreator>
        <isStatic>1</isStatic>
        <power>5</power>
        <x>0.7887500000000006</x>
        <rotation>-0.12000000000000083</rotation>
        <putInPanel>0</putInPanel>
        <ballCount>4</ballCount>
        <ballType>1</ballType>
        <shootDelay>1</shootDelay>
        <y>3.3012499999999987</y>
      </BallSpawnCreator>
    </entity>
    <entity>
      <TriangleCreator>
        <isStatic>1</isStatic>
        <putInPanel>0</putInPanel>
        <x>5.41625</x>
        <y>3.241250000000002</y>
        <rotation>4.702000000000002</rotation>
      </TriangleCreator>
    </entity>
    <entity>
      <LumberCreator>
        <isStatic>1</isStatic>
        <putInPanel>0</putInPanel>
        <x>3.875</x>
        <y>6.125</y>
        <rotation>0</rotation>
      </LumberCreator>
    </entity>
    <entity>
      <PlankCreator>
        <isStatic>1</isStatic>
        <putInPanel>0</putInPanel>
        <x>6.17375</x>
        <y>7.63</y>
        <rotation>-1.0359999999999994</rotation>
      </PlankCreator>
    </entity>
    <entity>
      <PlankCreator>
        <isStatic>1</isStatic>
        <putInPanel>0</putInPanel>
        <x>4.85</x>
        <y>9.124999999999998</y>
        <rotation>-0.5779999999999995</rotation>
      </PlankCreator>
    </entity>
    <entity>
      <PlankCreator>
        <isStatic>1</isStatic>
        <putInPanel>0</putInPanel>
        <x>8.50375</x>
        <y>8.63375</y>
        <rotation>-1.862000000000001</rotation>
      </PlankCreator>
    </entity>
    <entity>
      <LumberCreator>
        <isStatic>1</isStatic>
        <putInPanel>0</putInPanel>
        <x>3.7</x>
        <y>10.25</y>
        <rotation>0</rotation>
      </LumberCreator>
    </entity>
    <entity>
      <BallReceiverCreator>
        <isStatic>1</isStatic>
        <ballType>1</ballType>
        <ballCount>2</ballCount>
        <rotation>-1.076</rotation>
        <putInPanel>0</putInPanel>
        <x>0.5999999999999999</x>
        <y>10.932500000000001</y>
      </BallReceiverCreator>
    </entity>
    <entity>
      <PlankCreator>
        <isStatic>1</isStatic>
        <putInPanel>0</putInPanel>
        <x>7.525</x>
        <y>2.875</y>
        <rotation>0</rotation>
      </PlankCreator>
    </entity>
    <entity>
      <PlankCreator>
        <isStatic>1</isStatic>
        <putInPanel>0</putInPanel>
        <x>9.425</x>
        <y>2.875</y>
        <rotation>0</rotation>
      </PlankCreator>
    </entity>
    <entity>
      <PlankCreator>
        <isStatic>1</isStatic>
        <putInPanel>0</putInPanel>
        <x>14.5625</x>
        <y>6.1</y>
        <rotation>0</rotation>
      </PlankCreator>
    </entity>
    <entity>
      <CrateCreator>
        <isStatic>1</isStatic>
        <putInPanel>0</putInPanel>
        <x>10.975</x>
        <y>3.25</y>
        <rotation>0</rotation>
      </CrateCreator>
    </entity>
    <entity>
      <CrateCreator>
        <isStatic>1</isStatic>
        <putInPanel>1</putInPanel>
        <x>12.925</x>
        <y>2.15</y>
        <rotation>0</rotation>
      </CrateCreator>
    </entity>
    <entity>
      <PlankCreator>
        <isStatic>1</isStatic>
        <putInPanel>0</putInPanel>
        <x>12.195</x>
        <y>4.4</y>
        <rotation>-0.9820000000000005</rotation>
      </PlankCreator>
    </entity>
    <entity>
      <PlankCreator>
        <isStatic>1</isStatic>
        <putInPanel>0</putInPanel>
        <x>10.8225</x>
        <y>5.89625</y>
        <rotation>-0.6220000000000004</rotation>
      </PlankCreator>
    </entity>
    <entity>
      <PlankCreator>
        <isStatic>1</isStatic>
        <putInPanel>1</putInPanel>
        <x>8.87875</x>
        <y>6.623749999999999</y>
        <rotation>-1.1020000000000008</rotation>
      </PlankCreator>
    </entity>
    <entity>
      <LumberCreator>
        <isStatic>1</isStatic>
        <putInPanel>0</putInPanel>
        <x>8.825</x>
        <y>10.2</y>
        <rotation>0</rotation>
      </LumberCreator>
    </entity>
    <entity>
      <BallReceiverCreator>
        <isStatic>1</isStatic>
        <ballType>1</ballType>
        <ballCount>2</ballCount>
        <rotation>3.4559999999999995</rotation>
        <putInPanel>0</putInPanel>
        <x>13.122500000000002</x>
        <y>10.8475</y>
      </BallReceiverCreator>
    </entity>
    <entity>
      <CrateCreator>
        <isStatic>1</isStatic>
        <putInPanel>1</putInPanel>
        <x>10.3875</x>
        <y>11</y>
        <rotation>0</rotation>
      </CrateCreator>
    </entity>
  </entities>
</level>