﻿<?xml version="1.0" encoding="utf-8"?>
<level>
  <entities>
    <entity>
      <Background>
        <image>common/graphics/background/background_1.jpg</image>
      </Background>
    </entity>
    <entity>
      <LumberCreator>
        <x>6.15</x>
        <rotation>0</rotation>
        <isStatic>0</isStatic>
        <putInPanel>1</putInPanel>
        <y>2.775</y>
      </LumberCreator>
    </entity>
    <entity>
      <TriangleCreator>
        <x>7.2</x>
        <rotation>0</rotation>
        <isStatic>1</isStatic>
        <putInPanel>0</putInPanel>
        <y>8.075</y>
      </TriangleCreator>
    </entity>
    <entity>
      <PlankCreator>
        <x>7.200000000000001</x>
        <rotation>0</rotation>
        <isStatic>0</isStatic>
        <putInPanel>0</putInPanel>
        <y>6.700000000000001</y>
      </PlankCreator>
    </entity>
    <entity>
      <BallSpawnCreator>
        <rotation>2.622000000000001</rotation>
        <ballCount>2</ballCount>
        <putInPanel>0</putInPanel>
        <y>3.84125</y>
        <power>1</power>
        <x>10.235</x>
        <isStatic>1</isStatic>
        <ballType>1</ballType>
        <shootDelay>0.2</shootDelay>
      </BallSpawnCreator>
    </entity>
    <entity>
      <BallReceiverCreator>
        <ballCount>1</ballCount>
        <putInPanel>0</putInPanel>
        <y>9.747500000000002</y>
        <x>1.3475</x>
        <rotation>-1.2620000000000005</rotation>
        <isStatic>1</isStatic>
        <ballType>1</ballType>
      </BallReceiverCreator>
    </entity>
    <entity>
      <PlankCreator>
        <x>8.55</x>
        <rotation>0.12</rotation>
        <isStatic>1</isStatic>
        <putInPanel>1</putInPanel>
        <y>8.07625</y>
      </PlankCreator>
    </entity>
    <entity>
      <BallReceiverCreator>
        <ballCount>1</ballCount>
        <putInPanel>0</putInPanel>
        <y>11.175</y>
        <x>11.532500000000002</x>
        <rotation>-1.5820000000000007</rotation>
        <isStatic>1</isStatic>
        <ballType>1</ballType>
      </BallReceiverCreator>
    </entity>
  </entities>
</level>