﻿<?xml version="1.0" encoding="utf-8"?>
<level>
  <entities>
    <entity>
      <Background>
        <image>common/graphics/background/background_1.jpg</image>
      </Background>
    </entity>
    <entity>
      <BallSpawnCreator>
        <rotation>-0.7820000000000001</rotation>
        <ballCount>10</ballCount>
        <putInPanel>0</putInPanel>
        <y>10.8</y>
        <power>10</power>
        <x>2.89625</x>
        <isStatic>1</isStatic>
        <ballType>1</ballType>
        <shootDelay>0.2</shootDelay>
      </BallSpawnCreator>
    </entity>
    <entity>
      <BallSpawnCreator>
        <rotation>-2.1820000000000013</rotation>
        <ballCount>3</ballCount>
        <putInPanel>0</putInPanel>
        <y>11.952499999999995</y>
        <power>10</power>
        <x>10.0625</x>
        <isStatic>1</isStatic>
        <ballType>1</ballType>
        <shootDelay>0.4</shootDelay>
      </BallSpawnCreator>
    </entity>
    <entity>
      <PlankCreator>
        <x>12.725</x>
        <rotation>1.6219999999999988</rotation>
        <isStatic>1</isStatic>
        <putInPanel>0</putInPanel>
        <y>4.1</y>
      </PlankCreator>
    </entity>
    <entity>
      <PlankCreator>
        <x>9.025</x>
        <rotation>0</rotation>
        <isStatic>1</isStatic>
        <putInPanel>0</putInPanel>
        <y>2.75</y>
      </PlankCreator>
    </entity>
    <entity>
      <BallReceiverCreator>
        <ballCount>4</ballCount>
        <putInPanel>0</putInPanel>
        <y>9.46125</y>
        <x>12.2625</x>
        <rotation>-1.8620000000000014</rotation>
        <isStatic>1</isStatic>
        <ballType>1</ballType>
      </BallReceiverCreator>
    </entity>
    <entity>
      <LumberCreator>
        <x>5.65</x>
        <rotation>0</rotation>
        <isStatic>1</isStatic>
        <putInPanel>1</putInPanel>
        <y>1.625</y>
      </LumberCreator>
    </entity>
    <entity>
      <PlankCreator>
        <x>5.775</x>
        <rotation>1.822000000000001</rotation>
        <isStatic>1</isStatic>
        <putInPanel>1</putInPanel>
        <y>8.35125</y>
      </PlankCreator>
    </entity>
    <entity>
      <TriangleCreator>
        <x>7.4</x>
        <rotation>-2.7780000000000014</rotation>
        <isStatic>1</isStatic>
        <putInPanel>0</putInPanel>
        <y>6.275</y>
      </TriangleCreator>
    </entity>
  </entities>
</level>