<?xml version="1.0" encoding="utf-8"?>
<level>
  <entities>
    <entity>
      <Background>
        <image>common/graphics/background/background_1.jpg</image>
      </Background>
    </entity>
    <entity>
      <BallSpawnCreator>
        <x>0.9</x>
        <shootDelay>1</shootDelay>
        <ballType>1</ballType>
        <putInPanel>0</putInPanel>
        <ballCount>8</ballCount>
        <power>5</power>
        <rotation>0</rotation>
        <isStatic>1</isStatic>
        <y>3.95</y>
      </BallSpawnCreator>
    </entity>
    <entity>
      <TriangleCreator>
        <x>5.25</x>
        <rotation>-1.542000000000001</rotation>
        <y>4.3</y>
        <isStatic>1</isStatic>
        <putInPanel>1</putInPanel>
      </TriangleCreator>
    </entity>
    <entity>
      <BallReceiverCreator>
        <rotation>-1.5820000000000007</rotation>
        <y>5.825</y>
        <ballType>1</ballType>
        <putInPanel>0</putInPanel>
        <ballCount>4</ballCount>
        <x>10.455</x>
        <isStatic>1</isStatic>
      </BallReceiverCreator>
    </entity>
    <entity>
      <BallSpawnCreator>
        <x>12.375</x>
        <shootDelay>1</shootDelay>
        <ballType>1</ballType>
        <putInPanel>0</putInPanel>
        <ballCount>6</ballCount>
        <power>5</power>
        <rotation>3.102000000000001</rotation>
        <isStatic>1</isStatic>
        <y>8.79875</y>
      </BallSpawnCreator>
    </entity>
    <entity>
      <BallReceiverCreator>
        <rotation>-1.5820000000000007</rotation>
        <y>8.5</y>
        <ballType>1</ballType>
        <putInPanel>0</putInPanel>
        <ballCount>4</ballCount>
        <x>2.0825000000000005</x>
        <isStatic>1</isStatic>
      </BallReceiverCreator>
    </entity>
    <entity>
      <PlankCreator>
        <x>5.45</x>
        <rotation>-0.78</rotation>
        <y>5.7</y>
        <isStatic>1</isStatic>
        <putInPanel>1</putInPanel>
      </PlankCreator>
    </entity>
    <entity>
      <PlankCreator>
        <x>4.1</x>
        <rotation>0</rotation>
        <y>6.9</y>
        <isStatic>1</isStatic>
        <putInPanel>1</putInPanel>
      </PlankCreator>
    </entity>
    <entity>
      <TriangleCreator>
        <x>7.876250000000001</x>
        <rotation>1.5800000000000003</rotation>
        <y>9.35</y>
        <isStatic>1</isStatic>
        <putInPanel>0</putInPanel>
      </TriangleCreator>
    </entity>
    <entity>
      <BallReceiverCreator>
        <rotation>-1.5440000000000014</rotation>
        <y>12.3</y>
        <ballType>1</ballType>
        <putInPanel>0</putInPanel>
        <ballCount>3</ballCount>
        <x>8.70375</x>
        <isStatic>1</isStatic>
      </BallReceiverCreator>
    </entity>
    <entity>
      <PlankCreator>
        <x>5.95</x>
        <rotation>0</rotation>
        <y>8.925</y>
        <isStatic>1</isStatic>
        <putInPanel>1</putInPanel>
      </PlankCreator>
    </entity>
    <entity>
      <BallReceiverCreator>
        <rotation>-1.54</rotation>
        <y>11.52625</y>
        <ballType>1</ballType>
        <putInPanel>0</putInPanel>
        <ballCount>3</ballCount>
        <x>3.5275</x>
        <isStatic>1</isStatic>
      </BallReceiverCreator>
    </entity>
    <entity>
      <PlankCreator>
        <x>7.175</x>
        <rotation>0</rotation>
        <y>3.85</y>
        <isStatic>1</isStatic>
        <putInPanel>1</putInPanel>
      </PlankCreator>
    </entity>
    <entity>
      <CrateCreator>
        <x>8.9</x>
        <rotation>0</rotation>
        <y>4.6</y>
        <isStatic>1</isStatic>
        <putInPanel>1</putInPanel>
      </CrateCreator>
    </entity>
  </entities>
</level>