﻿<?xml version="1.0" encoding="utf-8"?>
<level>
  <entities>
    <entity>
      <Background>
        <image>common/graphics/background/background_1.jpg</image>
      </Background>
    </entity>
    <entity>
      <PlankCreator>
        <x>4.524999999999997</x>
        <rotation>0</rotation>
        <y>3.7750000000000017</y>
        <isStatic>1</isStatic>
        <putInPanel>0</putInPanel>
      </PlankCreator>
    </entity>
    <entity>
      <PlankCreator>
        <x>6.449999999999999</x>
        <rotation>0</rotation>
        <y>3.7750000000000017</y>
        <isStatic>1</isStatic>
        <putInPanel>0</putInPanel>
      </PlankCreator>
    </entity>
    <entity>
      <PlankCreator>
        <x>5.65</x>
        <rotation>1.570796326794896</rotation>
        <y>2.425</y>
        <isStatic>0</isStatic>
        <putInPanel>0</putInPanel>
      </PlankCreator>
    </entity>
    <entity>
      <PlankCreator>
        <x>8.35</x>
        <rotation>0</rotation>
        <y>3.775</y>
        <isStatic>1</isStatic>
        <putInPanel>0</putInPanel>
      </PlankCreator>
    </entity>
    <entity>
      <PlankCreator>
        <x>10.3</x>
        <rotation>0</rotation>
        <y>3.75</y>
        <isStatic>1</isStatic>
        <putInPanel>0</putInPanel>
      </PlankCreator>
    </entity>
    <entity>
      <LumberCreator>
        <x>10.75</x>
        <rotation>0</rotation>
        <y>2.275</y>
        <isStatic>0</isStatic>
        <putInPanel>0</putInPanel>
      </LumberCreator>
    </entity>
    <entity>
      <PlankCreator>
        <x>6.075</x>
        <rotation>1.570796326794896</rotation>
        <y>2.4</y>
        <isStatic>0</isStatic>
        <putInPanel>0</putInPanel>
      </PlankCreator>
    </entity>
    <entity>
      <PlankCreator>
        <x>5.15</x>
        <rotation>1.570796326794896</rotation>
        <y>2.425</y>
        <isStatic>0</isStatic>
        <putInPanel>0</putInPanel>
      </PlankCreator>
    </entity>
    <entity>
      <PlankCreator>
        <x>4.7</x>
        <rotation>1.570796326794896</rotation>
        <y>2.45</y>
        <isStatic>0</isStatic>
        <putInPanel>0</putInPanel>
      </PlankCreator>
    </entity>
    <entity>
      <PlankCreator>
        <x>6.525</x>
        <rotation>1.570796326794896</rotation>
        <y>2.4</y>
        <isStatic>0</isStatic>
        <putInPanel>0</putInPanel>
      </PlankCreator>
    </entity>
    <entity>
      <PlankCreator>
        <x>5.25</x>
        <rotation>-2.7755575615628914e-17</rotation>
        <y>5.925</y>
        <isStatic>1</isStatic>
        <putInPanel>0</putInPanel>
      </PlankCreator>
    </entity>
    <entity>
      <PlankCreator>
        <x>9.525</x>
        <rotation>1.570796326794896</rotation>
        <y>2.275</y>
        <isStatic>0</isStatic>
        <putInPanel>1</putInPanel>
      </PlankCreator>
    </entity>
    <entity>
      <PlankCreator>
        <x>12.875</x>
        <rotation>-1.570796326794896</rotation>
        <y>2.325</y>
        <isStatic>1</isStatic>
        <putInPanel>0</putInPanel>
      </PlankCreator>
    </entity>
    <entity>
      <PlankCreator>
        <x>12.50125</x>
        <rotation>-1.2217304763960304</rotation>
        <y>4.5</y>
        <isStatic>1</isStatic>
        <putInPanel>0</putInPanel>
      </PlankCreator>
    </entity>
    <entity>
      <PlankCreator>
        <x>11.5</x>
        <rotation>-0.8726646259971648</rotation>
        <y>6.22375</y>
        <isStatic>1</isStatic>
        <putInPanel>0</putInPanel>
      </PlankCreator>
    </entity>
    <entity>
      <PlankCreator>
        <x>9.9</x>
        <rotation>-0.26179938779914935</rotation>
        <y>7.35</y>
        <isStatic>1</isStatic>
        <putInPanel>0</putInPanel>
      </PlankCreator>
    </entity>
    <entity>
      <PlankCreator>
        <x>7.925</x>
        <rotation>2.775557561562891e-17</rotation>
        <y>7.625</y>
        <isStatic>1</isStatic>
        <putInPanel>0</putInPanel>
      </PlankCreator>
    </entity>
    <entity>
      <PlankCreator>
        <x>5.975</x>
        <rotation>0</rotation>
        <y>7.675</y>
        <isStatic>1</isStatic>
        <putInPanel>0</putInPanel>
      </PlankCreator>
    </entity>
    <entity>
      <PlankCreator>
        <x>4.05</x>
        <rotation>-2.7755575615628907e-17</rotation>
        <y>7.7</y>
        <isStatic>1</isStatic>
        <putInPanel>0</putInPanel>
      </PlankCreator>
    </entity>
    <entity>
      <PlankCreator>
        <x>0.3</x>
        <rotation>-1.570796326794896</rotation>
        <y>8.925</y>
        <isStatic>1</isStatic>
        <putInPanel>0</putInPanel>
      </PlankCreator>
    </entity>
    <entity>
      <PlankCreator>
        <x>1.425</x>
        <rotation>0.08726646259971645</rotation>
        <y>9.25</y>
        <isStatic>1</isStatic>
        <putInPanel>0</putInPanel>
      </PlankCreator>
    </entity>
    <entity>
      <PlankCreator>
        <x>3.375</x>
        <rotation>0.17453292519943292</rotation>
        <y>9.474999999999998</y>
        <isStatic>1</isStatic>
        <putInPanel>0</putInPanel>
      </PlankCreator>
    </entity>
    <entity>
      <PlankCreator>
        <x>5.7</x>
        <rotation>1.6580627893946123</rotation>
        <y>10.925</y>
        <isStatic>1</isStatic>
        <putInPanel>0</putInPanel>
      </PlankCreator>
    </entity>
    <entity>
      <PlankCreator>
        <x>6.998749999999999</x>
        <rotation>0.08726646259971645</rotation>
        <y>10.202499999999993</y>
        <isStatic>1</isStatic>
        <putInPanel>0</putInPanel>
      </PlankCreator>
    </entity>
    <entity>
      <PlankCreator>
        <x>9.375</x>
        <rotation>1.570796326794896</rotation>
        <y>11.475</y>
        <isStatic>1</isStatic>
        <putInPanel>0</putInPanel>
      </PlankCreator>
    </entity>
    <entity>
      <PlankCreator>
        <x>0.225</x>
        <rotation>1.570796326794896</rotation>
        <y>2.775</y>
        <isStatic>1</isStatic>
        <putInPanel>0</putInPanel>
      </PlankCreator>
    </entity>
    <entity>
      <BallReceiverCreator>
        <rotation>-3.0543261909900745</rotation>
        <y>10.465</y>
        <ballType>1</ballType>
        <putInPanel>0</putInPanel>
        <ballCount>1</ballCount>
        <x>12.998750000000001</x>
        <isStatic>1</isStatic>
      </BallReceiverCreator>
    </entity>
    <entity>
      <BallSpawnCreator>
        <x>1.25</x>
        <rotation>0</rotation>
        <shootDelay>1</shootDelay>
        <ballType>1</ballType>
        <putInPanel>0</putInPanel>
        <ballCount>1</ballCount>
        <power>4</power>
        <isStatic>1</isStatic>
        <y>2.4</y>
      </BallSpawnCreator>
    </entity>
    <entity>
      <PlankCreator>
        <x>10.3</x>
        <rotation>0</rotation>
        <y>3.475</y>
        <isStatic>1</isStatic>
        <putInPanel>0</putInPanel>
      </PlankCreator>
    </entity>
    <entity>
      <PlankCreator>
        <x>0.30124999999999885</x>
        <rotation>-1.570796326794896</rotation>
        <y>6.975</y>
        <isStatic>1</isStatic>
        <putInPanel>0</putInPanel>
      </PlankCreator>
    </entity>
    <entity>
      <PlankCreator>
        <x>8.175</x>
        <rotation>1.570796326794896</rotation>
        <y>2.4</y>
        <isStatic>0</isStatic>
        <putInPanel>1</putInPanel>
      </PlankCreator>
    </entity>
    <entity>
      <PlankCreator>
        <x>2.325</x>
        <rotation>0</rotation>
        <y>6.875</y>
        <isStatic>0</isStatic>
        <putInPanel>0</putInPanel>
      </PlankCreator>
    </entity>
    <entity>
      <TriangleCreator>
        <x>1.275</x>
        <rotation>0.2617993877991494</rotation>
        <y>8.25</y>
        <isStatic>1</isStatic>
        <putInPanel>0</putInPanel>
      </TriangleCreator>
    </entity>
    <entity>
      <PlankCreator>
        <x>4.175</x>
        <rotation>1.570796326794896</rotation>
        <y>10.725</y>
        <isStatic>1</isStatic>
        <putInPanel>0</putInPanel>
      </PlankCreator>
    </entity>
    <entity>
      <CrateCreator>
        <x>4.9</x>
        <rotation>0</rotation>
        <y>11.5</y>
        <isStatic>1</isStatic>
        <putInPanel>1</putInPanel>
      </CrateCreator>
    </entity>
    <entity>
      <TriangleCreator>
        <x>1.725</x>
        <rotation>1.832595714594045</rotation>
        <y>5</y>
        <isStatic>1</isStatic>
        <putInPanel>0</putInPanel>
      </TriangleCreator>
    </entity>
    <entity>
      <TriangleCreator>
        <x>1.6000000000000003</x>
        <rotation>4.974188368183835</rotation>
        <y>5.65</y>
        <isStatic>1</isStatic>
        <putInPanel>0</putInPanel>
      </TriangleCreator>
    </entity>
    <entity>
      <PlankCreator>
        <x>3.325</x>
        <rotation>0.08726646259971639</rotation>
        <y>5.824999999999999</y>
        <isStatic>1</isStatic>
        <putInPanel>0</putInPanel>
      </PlankCreator>
    </entity>
    <entity>
      <PlankCreator>
        <x>10.25</x>
        <rotation>0</rotation>
        <y>1.2</y>
        <isStatic>1</isStatic>
        <putInPanel>0</putInPanel>
      </PlankCreator>
    </entity>
    <entity>
      <PlankCreator>
        <x>8.35</x>
        <rotation>0</rotation>
        <y>1.3</y>
        <isStatic>1</isStatic>
        <putInPanel>0</putInPanel>
      </PlankCreator>
    </entity>
    <entity>
      <PlankCreator>
        <x>6.425</x>
        <rotation>0</rotation>
        <y>1.325</y>
        <isStatic>1</isStatic>
        <putInPanel>0</putInPanel>
      </PlankCreator>
    </entity>
    <entity>
      <PlankCreator>
        <x>4.475</x>
        <rotation>0</rotation>
        <y>1.35</y>
        <isStatic>1</isStatic>
        <putInPanel>0</putInPanel>
      </PlankCreator>
    </entity>
    <entity>
      <PlankCreator>
        <x>12.15</x>
        <rotation>0</rotation>
        <y>1.2</y>
        <isStatic>1</isStatic>
        <putInPanel>0</putInPanel>
      </PlankCreator>
    </entity>
    <entity>
      <PlankCreator>
        <x>2.525</x>
        <rotation>0</rotation>
        <y>1.35</y>
        <isStatic>1</isStatic>
        <putInPanel>0</putInPanel>
      </PlankCreator>
    </entity>
    <entity>
      <PlankCreator>
        <x>0.575</x>
        <rotation>0</rotation>
        <y>1.35</y>
        <isStatic>1</isStatic>
        <putInPanel>0</putInPanel>
      </PlankCreator>
    </entity>
    <entity>
      <PlankCreator>
        <x>0.25</x>
        <rotation>1.570796326794896</rotation>
        <y>4.875</y>
        <isStatic>1</isStatic>
        <putInPanel>0</putInPanel>
      </PlankCreator>
    </entity>
    <entity>
      <LumberCreator>
        <x>4.25</x>
        <rotation>0</rotation>
        <y>6.75</y>
        <isStatic>0</isStatic>
        <putInPanel>0</putInPanel>
      </LumberCreator>
    </entity>
    <entity>
      <PlankCreator>
        <x>7.85</x>
        <rotation>1.570796326794896</rotation>
        <y>11.375</y>
        <isStatic>1</isStatic>
        <putInPanel>0</putInPanel>
      </PlankCreator>
    </entity>
    <entity>
      <CrateCreator>
        <x>8.6</x>
        <rotation>0</rotation>
        <y>11.975</y>
        <isStatic>1</isStatic>
        <putInPanel>1</putInPanel>
      </CrateCreator>
    </entity>
    <entity>
      <PlankCreator>
        <x>10.501249999999999</x>
        <rotation>0.08726646259971645</rotation>
        <y>10.773750000000003</y>
        <isStatic>1</isStatic>
        <putInPanel>0</putInPanel>
      </PlankCreator>
    </entity>
  </entities>
</level>